smiles,mw,logp,hbd,hba,tpsa,rot_bonds,rings,arom_rings,stereocenters,qed,lipinski,veber,egan,scaffold
Cc1ccccc2cc(cc1C(=O)NCCN)N(CC1CCO1)C2=O,341.41,1.557,2,4,84.66,5,3,1,1,0.8511,True,True,True,O=C1c2cccccccc(c2)N1CC1CCO1
CCNC(=O)C(C1=CC=CC=CC=C1)N(C)CC,246.35,2.051,1,2,32.34,5,1,0,1,0.805,True,True,True,C1=CC=CC=CC=C1
CCN(C)C(=O)N(CCN1C(=O)NCC1C)CC(C)C,284.4,1.43,1,2,55.89,6,1,0,1,0.802,True,True,True,O=C1NCCN1
CCOC1=NC(CN(C(=O)c2ccc3cc2-3)C2=CC=C2)=CC(C)=NC=CS1,377.47,4.518,0,5,54.26,5,4,0,0,0.7698,True,True,True,O=C(c1ccc2cc1-2)N(CC1=CC=NC=CSC=N1)C1=CC=C1
CC1CC(=O)NCC(=O)N2CCC3=CC=CC1=CC=CC=CC2=C3,322.41,2.794,1,2,49.41,0,5,0,1,0.7454,True,True,True,O=C1CCC2=CC=CC=CC3=CC(=CC=C2)CCN3C(=O)CN1
CC1CC(C(=O)N2CCCN3CCCC(C)(OCC2)C3=O)C1,308.42,1.663,0,3,49.85,1,3,0,1,0.7401,True,True,True,O=C(C1CCC1)N1CCCN2CCCC(OCC1)C2=O
CC1=CC=CC=C2C=C(C)C=C(C=CC=CC=C1)NS2(=O)=O,313.42,3.818,1,2,46.17,0,2,0,0,0.7388,True,True,True,O=S1(=O)NC2=CC=CC1=CC=CC=CC=CC=CC=C2
O=C(C(=O)N1CCC(COC2=CC=C2)CC1)N1CCCC1,290.36,1.318,0,3,49.85,3,3,0,0,0.7366,True,True,True,O=C(C(=O)N1CCC(COC2=CC=C2)CC1)N1CCCC1
COC1=C(C)C=Cc2ccc1[nH]c2=O,189.21,1.779,1,2,42.09,1,3,1,0,0.7312,True,True,True,O=c1[nH]c2ccc1C=CC=C2
COC1=CC=CC=C(N2CCCN3CCC(CN(CCO)C3=O)C2=O)C=CC=CC(C)=C1,439.56,2.998,1,4,73.32,4,3,0,1,0.731,True,True,True,O=C1NCC2CCN1CCCN(C1=CC=CC=CC=CC=CC=C1)C2=O
CCCCN(CCN1CCCC1=O)C(=O)C1=CC=CC=CC=C1,314.43,2.846,0,2,40.62,7,2,0,0,0.7248,True,True,True,O=C(NCCN1CCCC1=O)C1=CC=CC=CC=C1
Cc1ccccc2c(ccn1)C1CN(CCN)CCN3CCC(CO2)C(C)N(CCCC3=O)C1,467.66,2.584,1,6,74.93,2,5,1,4,0.7207,True,True,True,O=C1CCCN2CC3CCN1CCNCC(C2)c1ccncccccc1OC3
CCC(=O)N1CCN2CCCN(CCCCNC(=O)C1)CC2=O,324.43,-0.331,1,4,72.96,1,2,0,1,0.7168,True,True,True,O=C1CNCCN2CCCN(CCCCN1)CC2=O
O=C(NCCN1CC1)C1=CC=CC=CC2=NC=C(C2)C(Cl)=NC=CC=C(F)C=C1,412.9,3.76,1,4,56.83,4,3,0,0,0.7146,True,True,True,O=C(NCCN1CC1)C1=CC=CC=CC2=NC=C(C=NC=CC=CC=C1)C2
CCC(=O)N1CCC(C)(CN2CC(OC3=C(C)C=CC=CC=C3)C2=O)C1,356.47,2.819,0,3,49.85,5,3,0,2,0.7119,True,True,True,O=C1C(OC2=CC=CC=CC=C2)CN1CC1CCNC1
CCC(CC1CN1)N1CC(=O)N2CCN(CC2)C1=O,266.34,-0.293,1,3,65.8,4,4,0,2,0.7109,True,True,True,O=C1CN(CCC2CN2)C(=O)N2CCN1CC2
CCCCN1CC2C(=O)N(CCN(C)C3CCN(CC1=O)C(=O)NC3)C2C,379.51,0.191,1,4,76.2,3,4,0,3,0.7106,True,True,True,O=C1CN2CCC(CNC2=O)NCCN2CC(CN1)C2=O
CCCCN(CC1=CC=C1)C(=O)CCCN1C(=O)CCCNC1=O,333.43,2.224,1,3,69.72,9,2,0,0,0.7033,True,True,True,O=C(CCCN1C(=O)CCCNC1=O)NCC1=CC=C1
CCC(CCC(C)C)N1C(=O)CCCNC(=O)NC2=CC=C2N(C)CCOC2=CC=C21,428.58,3.634,2,4,73.91,5,3,0,1,0.7013,True,True,True,O=C1CCCNC(=O)NC2=CC=C2NCCOC2=CC=C2N1
O=C1C2=CC3=C4C=CCNCC3=CC=CC=CC=CC(=C4)CN12,302.38,2.717,1,2,32.11,0,4,0,0,0.6978,True,True,True,O=C1C2=CC3=C4C=CCNCC3=CC=CC=CC=CC(=C4)CN12
CN1CCCC2(CCC2)C(=O)NC2=CC=CC=C(C=N1)C=C(F)C=CC=C2,367.47,4.33,1,3,44.7,0,3,0,0,0.6925,True,True,True,O=C1NC2=CC=CC=C(C=CC=CC=C2)C=NNCCCC12CCC2
CC1CSCCNCC(=O)N2CCN(C(=O)C3=NN=N3)CC2CC(CCCC(C)(C)C)C1,464.68,3.39,1,7,89.73,4,3,0,3,0.6905,True,True,True,O=C(C1=NN=N1)N1CCN2C(=O)CNCCSCCCCCC2C1
CCC(=O)N1CCN2CCCCN3CCCCCCC(CC3C2=O)NC(=O)c2cccc(c2)C1,468.64,3.184,1,4,72.96,1,4,1,2,0.6872,True,True,True,O=C1NC2CCCCCCN3CCCCN(CCNCc4cccc1c4)C(=O)C3C2
CN1CC2CCCN3CCC(C)(CN(CC2)C1=O)C1CC1C3=O,319.45,2.029,0,2,43.86,0,4,0,4,0.6856,True,True,True,O=C1NCC2CCCN3CCC(CN1CC2)C1CC1C3=O
COC1=C(C2CCCN3CC4=CC=C(C2)C(=CC=CC=CC=C4)NC(=O)CNCC3=O)C=C1,445.56,3.224,2,4,70.67,2,4,0,1,0.6848,True,True,True,O=C1CNCC(=O)N2CCCC(C3=CC=C3)CC3=CC=C(C=CC=CC=CC=C3N1)C2
CNC(=O)N1C2=CC=C(CC(CN)CCN3CC3=O)C=C1C=CC=CC=CC=C2,392.5,2.771,2,3,78.44,6,3,0,1,0.6825,True,True,True,O=C1CN1CCCCC1=CC=C2C=CC=CC=CC=CC(=C1)N2
O=C1Nc2sccc2C2=CC=CC=CC(=C2)CN2CCN1CCN(CC1CCC1)C(=O)C2=O,464.59,3.502,1,4,72.96,2,5,1,0,0.6812,True,True,True,O=C1Nc2sccc2C2=CC=CC=CC(=C2)CN2CCN1CCN(CC1CCC1)C(=O)C2=O
CCCN1CC(=O)NCCN2C(=O)C(=O)NC3=CC=CC=C(OC)C=CC2=CC1=C3,410.47,1.095,2,5,90.98,3,3,0,0,0.6802,True,True,True,O=C1CNC2=CC3=CC=CC=CC=CC(=C2)N(CCN1)C(=O)C(=O)N3
COC1=C2CCCC(=C1)C=C1C=C2N1,187.24,2.382,1,2,21.26,1,4,0,0,0.6802,True,True,True,C1=C2C=C3C=C(N3)C(=C1)CCC2
CCC1C(=O)N2CCN(C(=O)C(C)C)C(=O)N1C(CCCC(C)C)C2=O,365.47,2.249,0,4,78.0,6,3,0,2,0.6765,True,True,True,O=C1NCCN2C(=O)CN1CC2=O
CC(C)CC(=O)N(C)CC(=O)N1COC2=Cc3cc(C4=NC=CC=CC=C4)ccc3C=NC1=C2,456.55,4.051,0,5,74.57,5,4,1,0,0.6709,True,True,True,C1=CC=CC(c2ccc3c(c2)C=C2C=C(N=C3)NCO2)=NC=C1
CCN1CCN2C(=O)NCc3cccc1ccc1c4cc(cc(c3)OC(C)O4)CCN1C(=O)C2C,476.58,3.695,1,5,74.35,1,7,1,2,0.6693,True,True,True,O=C1NCc2cccc3ccc4c5cc(cc(c2)OCO5)CCN4C(=O)CN1CCN3
CCCC1C(C(C)OC)C2CN3CC4CC(CCC(CC)C3CN4)N3CCN1CCCN2C3=O,475.72,2.853,1,5,51.29,5,7,0,10,0.6628,True,True,True,O=C1N2CCN3CCCN1C(CC3)CN1CC3CC2CCCC1CN3
Cc1ccc(C)ncccc(C2CC3CC=CCCN4CC2C(CCCCN3)C4=O)c1,419.61,4.863,1,3,45.23,1,4,1,4,0.6611,True,True,True,O=C1C2CCCCNC3CC=CCCN1CC2C(c1cccccnccc1)C3
CCN1CCNC(=O)N2CC(C)CC3(C)CC4CC5CC6CCNC65C(=O)N4CCCC123,443.64,2.229,2,4,67.92,1,6,0,7,0.6522,True,True,True,O=C1NCCNC23CCCN4C(=O)C56NCCC5CC6CC4CC2CCCN13
CCCCN(CC(=O)NC(C)C)C(=O)CS(=O)(=O)C1=CC=CC=CC(C)=C1,394.54,2.511,1,4,83.55,9,1,0,0,0.6512,True,True,True,C1=CC=CC=CC=C1
CCN1C(=O)NCCN(CCCC2CCCC2)C(=O)C(=O)n2c3nnc2=NC1=NC=3,414.47,-0.51,1,7,125.15,5,4,1,0,0.6498,True,True,True,O=C1NCCN(CCCC2CCCC2)C(=O)C(=O)n2c3nnc2=NC(=NC=3)N1
O=C1CN2C(=O)C2CCN2C(=O)C(CCCC2CN2CC2)N1,306.37,-1.218,1,4,72.5,2,4,0,3,0.6494,True,True,True,O=C1CN2C(=O)C2CCN2C(=O)C(CCCC2CN2CC2)N1
COC1=CC=CN=CN=CC=CC=CC=CC=C1OC1CCNC(=O)C2CC2CCCCNC1=O,478.59,3.523,2,6,101.38,3,3,0,3,0.648,True,True,True,O=C1NCCCCC2CC2C(=O)NCCC1OC1=CC=CC=CC=CC=NC=NC=CC=C1
CCCN1CC(=O)NCC(=O)N(CC)CC(C)C2=CC3=C(C)C=CC=CC(=CC(OC)=C2CN3)C1,480.65,3.069,2,5,73.91,4,4,0,1,0.6471,True,True,True,O=C1CNCC2=CC=C3CNC(=CC=CC=C2)C=C3CCNC(=O)CN1
CCN1CCCC23CCC4C5C(CCNC(=O)N5C42)CCN(CCCN(C(C)(C)CC)CC3)C1=O,487.73,4.377,1,3,59.13,3,6,0,5,0.6428,True,True,True,O=C1NCCCC23CCNCCCN1CCC1CCNC(=O)N4C1C(CC2)C43
CC(=O)NC1=CC=C2C=C3C=C(C=CC(C)=C1)OCOC(C)CN1CCC(C1)C(=O)N2CCO3,467.57,2.748,1,6,80.34,1,4,0,3,0.6389,True,True,True,O=C1C2CCN(CCOCOC3=CC4=CC(=CC=CC=CC=C3)N1CCO4)C2
CC1CCC2CC3CC4CC5CCN(CC(=O)NCCN3CCN4C2)C(=O)CN15,403.57,0.356,1,5,59.13,0,5,0,7,0.6328,True,True,True,O=C1CN2CCC3CC4CC5CC(CCCN3CC2=O)CN4CCN5CCN1
O=C(C=CC1=CC=C1)NC(=O)C1(CCCN2CC3CC3C(=O)NC2=O)CCCO1,399.45,1.199,2,5,104.81,7,4,0,3,0.6261,True,True,True,O=C(C=CC1=CC=C1)NC(=O)C1(CCCN2CC3CC3C(=O)NC2=O)CCCO1
CCN1CCCC2CCN(CCN3CCCN2C(=O)C3=O)CC(C)NC(=O)C1,393.53,-0.258,1,5,76.2,1,3,0,3,0.6216,True,True,True,O=C1CNCCCC2CCN(CCN1)CCN1CCCN2C(=O)C1=O
CCC(C)(C)C(=O)N1CCCCC(=O)N2CCOCC(=O)N(CCC1)C1=CC=CC(=CC=C1)C2,469.63,3.449,0,4,70.16,2,4,0,0,0.6212,True,True,True,O=C1CCCCNCCCN2C(=O)COCCN1CC1=CC=CC2=CC=C1
CCCCC1CCOc2cc3ccc2N(C)CCCN2CC(C)N(CC4CC4)CCN(C3=O)C1C2=O,496.7,3.869,0,5,56.33,5,7,1,3,0.6196,True,True,True,O=C1C2CCCOc3cc4ccc3NCCCN1CCN(CC1CC1)CCN2C4=O
O=C1C(C2(c3cc4cc(Cl)c3[nH]c4=O)CC3N4CCOC3(CS2(=O)=O)C4=O)CCC2CCN12,491.95,0.624,1,6,116.85,2,8,3,5,0.6156,True,True,True,O=C1C(C2(c3cc4ccc3[nH]c4=O)CC3N4CCOC3(CS2(=O)=O)C4=O)CCC2CCN12
CCCN(CCC(C)CCC1CN1C(=O)C1=CN=C1)C(C)=O,305.42,2.23,0,3,52.75,9,2,0,2,0.6134,True,True,True,O=C(C1=CN=C1)N1CC1
CC1=CC2=CC=CC=NC=NC=C1CC1CN2C1=O,253.3,2.231,0,3,45.03,0,4,0,1,0.6105,True,True,True,O=C1C2CC3=CN=CN=CC=CC=C(C=C3)N1C2
COC1=CC=C(OC)C2=CC(CC3C(=O)NCC=CCC(=O)N4CCN3C4=O)=CC(=C1)N(C)C2=O,480.52,1.368,1,6,108.49,4,4,0,1,0.6092,True,True,True,O=C1NC2=CC=CC=CC1=CC(CC1C(=O)NCC=CCC(=O)N3CCN1C3=O)=C2
CCN1CCC2CC3CCN(C(=O)C3)C(=O)C(C)CC(CCN3CC(CC3C)NCC1=O)C2,460.66,2.499,1,5,72.96,1,5,0,7,0.6089,True,True,True,O=C1CNC2CCN(CCC3CCC(=O)N4CCC(CC4=O)CC(CCN1)C3)C2
CC1C(=O)N2C3CCC4Cc5cccc(c5)OC(C5C6CCC(NC5CN6)C(CCN1C)C3)C2C4,478.68,2.809,2,5,56.84,0,7,1,10,0.6007,True,True,True,O=C1CNCCC2CC3CCC4Cc5cccc(c5)OC(C5C6CCC2NC5CN6)C(C4)N13
CN(C(=O)CCC(=O)NCCCCN)C(=O)c1ccccc(Cl)cccccncc1,444.96,3.218,2,5,105.39,8,1,1,0,0.5987,True,True,True,c1ccccccncccccc1
C1=CC=CC2=CC=CC=C(C=C1)OCO2,200.24,2.997,0,2,18.46,0,2,0,0,0.5981,True,True,True,C1=CC=CC2=CC=CC=C(C=C1)OCO2
CC1=NC=CC=CC=CC=CC=CC=NC=C1,224.31,3.784,0,2,24.72,0,1,0,0,0.5979,True,True,True,C1=CC=CC=CN=CC=CN=CC=CC=C1
NC1CC(O)CCN2CC3=CC1=CC=CC(=CC=CC=CC=CC=CC(N=O)=CC=C3)C2=O,443.55,4.091,2,5,95.99,1,3,0,2,0.5968,True,True,True,O=C1C2=CC=CC=CC=CC=CC=CC=CC3=CC(=CC=C2)CCCCCN1C3
CCN1CCN2C(=O)C3=C4C5CN(C(=O)N=C31)C4CC1CN(CC52)C1=O,355.4,-0.476,0,4,76.53,1,7,0,4,0.5958,True,True,True,O=C1C2CC3C4=C5C(=O)N6CCNC5=NC(=O)N3CC4C6CN1C2
CC1NCCC(NC(=O)C2=CC=N2)CCCOC2(C)CC3=CC=C(C=CC=CC=CC=C31)C(=O)O2,475.59,3.743,2,6,89.02,2,4,0,3,0.5942,True,True,True,O=C(NC1CCCOC2CC3=CC=C(C=CC=CC=CC=C3CNCC1)C(=O)O2)C1=CC=N1
CC(C)N1CCCCN2C(=O)C3=C(CCC2C)c2cnc(ccccc(F)c2)N(C3)C(=O)C1=O,466.56,3.487,0,4,73.82,1,4,1,1,0.5942,True,True,True,O=C1NCCCCN2CCCC3=C(CN(C1=O)c1ccccccc3cn1)C2=O
O=C1NCCCC1CCC(CN1CC1=O)CN1CCOC2=CC=CC=C(C=CC=CC=C2)C1=O,463.58,2.659,1,4,78.72,7,4,0,2,0.5891,True,True,True,O=C1NCCCC1CCC(CN1CC1=O)CN1CCOC2=CC=CC=C(C=CC=CC=C2)C1=O
O=C1CCCCCN(CN2CCC(OC3=CC=C3)(Oc3ccsc3)C2=O)CCN1C1CC1,457.6,3.35,0,6,62.32,7,5,1,1,0.5879,True,True,True,O=C1CCCCCN(CN2CCC(OC3=CC=C3)(Oc3ccsc3)C2=O)CCN1C1CC1
O=C1CN2CCCN1CCN1C(=O)C(=CC(=O)N3c4ccccc4C3C1=O)NC2=O,409.4,-0.415,1,5,110.34,0,5,1,1,0.5857,True,True,True,O=C1CN2CCCN1CCN1C(=O)C(=CC(=O)N3c4ccccc4C3C1=O)NC2=O
CCN1CC(=O)N2CCN3CCN4C(=O)C5=C(C3=O)C(=C2C=CC4=CC=CC=C5)OCC1=O,448.48,0.466,0,5,90.47,1,5,0,0,0.5817,True,True,True,O=C1COC2=C3C=CC4=CC=CC=CC5=C2C(=O)N(CCN4C5=O)CCN3C(=O)CN1
CC1CCN2CCC3CCCC45CC2CC4(CN5C(=O)NCC3)NC(=O)N(C)CC(C)OC1,461.65,2.634,2,4,77.15,0,5,0,6,0.5815,True,True,True,O=C1NCCOCCCCN2CCC3CCCC45CC2CC4(CN5C(=O)NCC3)N1
CC1C(C(=O)NC2CCC2)N1C(=O)CCc1ccc2cccccc1C(=O)NC2=O,407.47,1.895,2,4,95.35,5,5,1,2,0.5757,True,True,True,O=C1NC(=O)c2cccccc1ccc2CCC(=O)N1CC1C(=O)NC1CCC1
COC1=CC=C2C=CC=CC=C3C=C(C=CC=C1)C1CCC(=O)N(CCN1C(=O)CO2)S3(=O)=O,482.56,2.643,0,6,93.22,1,5,0,1,0.5706,True,True,True,O=C1COC2=CC=CC=CC=CC3=CC(=CC=CC=C2)S(=O)(=O)N2CCN1C3CCC2=O
CCN1CCCCCN(CC(=O)N(CCCC2CNC2=O)CC2=CC=CC=CC=C2)CC1,440.63,2.758,1,4,55.89,9,3,0,1,0.5604,True,True,True,O=C1NCC1CCCN(CC1=CC=CC=CC=C1)C(=O)CN1CCCCCNCC1
O=C1CCN2CC3=CC=CC=CC(C(=O)N4CC4)=CC=C(C=CC(=CC=CC=CC=C(F)C=C3)C2)N1,483.59,4.531,1,3,52.42,1,5,0,1,0.5578,True,True,True,O=C1CCN2CC3=CC=CC=CC(C(=O)N4CC4)=CC=C(C=CC(=CC=CC=CC=CC=C3)C2)N1
O=CCCC1NC2CCCN(CC(C3NC3=O)CC2)C1=O,293.37,-0.177,2,4,88.42,4,4,0,4,0.5559,True,True,True,O=C1NC1C1CCC2CCCN(C1)C(=O)CN2
CCN(CCC1CCCCNC1=O)C(=O)COc1ccccccc(CCN2CC2=O)cc1,453.58,2.729,1,4,78.72,10,3,1,1,0.5528,True,True,True,O=C(COc1ccccccc(CCN2CC2=O)cc1)NCCC1CCCCNC1=O
O=CN1CC2CN3CCN(CCCCC3=C=C(O)CC1=O)CCCN(c1ccccc1)C2=O,452.56,2.141,1,6,84.4,2,4,1,2,0.5468,True,True,True,O=C1CC=C=C2CCCCN3CCCN(c4ccccc4)C(=O)C(CN1)CN2CC3
CC(CC(=O)NC(=O)C(C)C)CN(CC1=CC=C1)C(=O)C1CCCCCC(=O)NCCCCS1,491.7,3.599,2,5,95.58,8,2,0,2,0.5409,True,True,True,O=C1CCCCCC(C(=O)NCC2=CC=C2)SCCCCN1
CCC(=O)N1CCC2C(CCC(=O)N2C(=O)C2=CC=C2)CCC2(CC2)CC2=CC=CC(=CC=C2)C1=O,486.61,4.715,0,4,74.76,2,6,0,2,0.5298,True,True,True,O=C1NCCC2C(CCC(=O)N2C(=O)C2=CC=C2)CCC2(CC2)CC2=CC=CC1=CC=C2
CCCC1CCN(C(C)=C2C(=O)NCCCOc3ccccccc(cc3)CCNC2=O)C1=O,465.59,3.291,2,4,87.74,3,3,1,1,0.5298,True,True,True,O=C1NCCCOc2ccccccc(cc2)CCNC(=O)C1=CN1CCCC1=O
CCC1CCC(C)NS(=O)(=O)C2=CC=C(C)C3=CC=C(NC(=O)C(CNC1=O)C3)C(C)=CC=C2,485.65,3.523,3,4,104.37,1,3,0,3,0.5285,True,True,True,O=C1CCCCNS(=O)(=O)C2=CC=CC3=CC=C(C=CC=C2)NC(=O)C(CN1)C3
CC1CCCC2CN3CC4CC(=O)N(CCNC(=O)C(CC3=O)CC(C)C1)CCN2CCNC4=O,489.66,0.836,2,5,102.06,0,5,0,6,0.525,True,True,True,O=C1NCCN2CCN3CCNC(=O)C(CC2=O)CN2CC3CCCCCCCC1CC2=O
CCC(=O)N(CCN(C(C)=O)C1=C(C)C=CC=CC=C1)CC1C(=O)N1Cc1ccc(C)cc1C,461.61,4.058,0,3,60.7,9,3,1,1,0.5213,True,True,True,O=C1C(CNCCNC2=CC=CC=CC=C2)N1Cc1ccccc1
CC(=O)N1CCCC2C3CCN4CCCN5C(=O)C(=O)N(CCCCN(CC4)C2C3)CC15,445.61,0.822,0,5,67.41,0,6,0,6,0.5168,True,True,True,O=C1C(=O)N2CCCN3CCC4CC5C4CCCNC2CN1CCCCN5CC3
O=C1C2N1CC1CCN3C4CCC5CC6CCNCCC(CC6)CS(=O)(=O)N(C4=O)C2(C5)C3C1,490.67,1.171,1,6,89.8,0,8,0,8,0.513,True,True,True,O=C1C2N1CC1CCN3C4CCC5CC6CCNCCC(CC6)CS(=O)(=O)N(C4=O)C2(C5)C3C1
CC1=C2C=CC3=NC4=NC=CC=CC=CC(=CC=CC=C1)N(CC(C)CC(=O)N3CCO2)C(=O)CN4C,499.62,3.88,0,6,77.81,0,6,0,1,0.5069,True,True,True,O=C1CNC2=NC=CC=CC=CC3=CC=CC=CC=C4C=CC(=N2)N(CCO4)C(=O)CCCN13
COCCN1CC2CCN(C=O)C(=C=CC3=CC=CC=CC2=C3)C2CCCCN(C2)C1=O,435.57,3.667,0,3,53.09,4,4,0,2,0.5002,True,True,True,O=C1NCC2CCNC(=C=CC3=CC=CC=CC2=C3)C2CCCCN1C2
CC1=CC=CC=CC=CC=CN=CC=C(C(=O)NC2CC2)C2=CC=C(C=C1)NC(=O)C1C(=O)N21,454.53,3.069,2,4,90.64,2,4,0,1,0.4964,True,True,True,O=C(NC1CC1)C1=CC=NC=CC=CC=CC=CC=CC=CC2=CC=C1N1C(=O)C1C(=O)N2
COC1=C(N=O)C=CC2=CC=C(N=O)C(=CC=CC=CC=C1)C1CC3C(=O)NCC2N2CC2N3C1=O,487.52,2.723,1,8,120.51,3,5,0,5,0.4828,True,True,True,O=C1NCC2C3=CC=CC(=CC=CC=CC=CC=CC=C3)C3CC1N(C3=O)C1CN21
CCN1C(=O)C2=CC=C(C)C=CC=CC(=CC=C2C(=O)NCCC(=O)Oc2ccccc2)S1(=O)=O,494.57,3.099,1,6,109.85,6,4,1,0,0.4808,True,True,True,O=C(CCNC(=O)C1=CC=C2C=CC=CC=CC=C1C(=O)NS2(=O)=O)Oc1ccccc1
COC1=C2CC(CCCNC(=O)C=C1)CCN(C(=O)C1=CC=C(C=C=CC3=CC=C3)C=CC=C1)C2=O,482.58,4.305,1,4,75.71,4,4,0,1,0.4788,True,True,True,O=C1C=CC=C2CC(CCCN1)CCN(C(=O)C1=CC=C(C=C=CC3=CC=C3)C=CC=C1)C2=O
CC1C=C=C2C(=O)NC=CC3=CC=CC=CN3C(=O)CCCCCNCCN1C2=O,408.5,1.888,2,4,81.75,0,3,0,1,0.4738,True,True,True,O=C1NC=CC2=CC=CC=CN2C(=O)CCCCCNCCN2CC=C=C1C2=O
CCCCN1CC(=O)N(C(=O)C2=CC=C2)CCCN(CCOC2=CC=C2)C(=O)CC1CCC,455.6,3.201,0,5,70.16,10,3,0,1,0.4733,True,True,True,O=C1CCNCC(=O)N(C(=O)C2=CC=C2)CCCN1CCOC1=CC=C1
CCCC(CC1CCN(CC)C1=O)CC1CN(CCN2CC2)C1=O,335.49,1.825,0,3,43.63,10,3,0,3,0.4518,True,True,True,O=C1NCCC1CCCC1CN(CCN2CC2)C1=O
CC1C(=O)N2CC2CCCN2CCN(CCN1C)C(=O)C2=O,308.38,-1.018,0,4,63.94,0,4,0,2,0.4245,True,True,True,O=C1C(=O)N2CCNCC(=O)N3CC3CCCN1CC2
CCNC(C)CCCN1CCC(CCNC)(C(C)CCN2CC=CC3=CC=CC(=CC=C3)C2=O)C1,480.74,4.47,2,4,47.61,13,4,0,3,0.4084,True,False,True,O=C1C2=CC=CC(=CC=C2)C=CCN1CCCC1CCNC1
CC(=O)CC(C)CN(CCCCCC(=O)NCCCN1CCOCC1)C(=O)C1=CC=C1,433.59,2.325,1,5,78.95,15,2,0,1,0.4011,True,False,True,O=C(CCCCCNC(=O)C1=CC=C1)NCCCN1CCOCC1
Cc1ccccc2ccc(c1OCC1(C=O)OC(C)OC1=O)N(CC1CC1)C(=O)CCC(=O)N2,468.51,2.831,1,7,111.24,6,4,1,2,0.3882,True,True,True,O=C1CCC(=O)N(CC2CC2)c2ccc(cccccc2OCC2OCOC2=O)N1
CC1=CC(=O)N1CC(CN1CCC1=O)OC(C)Oc1ccccc1OCC1OCCS1=O,464.54,1.259,0,7,94.61,11,4,1,4,0.3594,True,False,True,O=C1C=CN1CC(CN1CCC1=O)OCOc1ccccc1OCC1OCCS1=O
CCN1CCC(N(CCCCN(CC)C(=O)CCC(N)CO)C(=O)CCCN2CC2=O)C1,453.63,0.26,2,6,110.19,16,2,0,2,0.2563,True,False,True,O=C(CCCN1CC1=O)NC1CCNC1
